{"train": [7.0112377880757695, 6.925166406074883, 6.91027159350259, 6.898378664192838, 6.887075534057949, 6.875514386838321, 6.863417795933913, 6.8506678477812315, 6.8370266440438066, 6.82246395935165, 6.806781221557578, 6.7897889219510015, 6.771183466039052, 6.750653879152358, 6.727716018306253, 6.701847527708326, 6.6724936272624475, 6.639319528686045, 6.602432017957708, 6.560771057206995], "val": [6.9243959302686235, 6.925033277958527, 6.914015494572577, 6.903791167387149, 6.892884460683484, 6.882221201778704, 6.871457586305067, 6.858680538807181, 6.846034899821265, 6.8323951467404385, 6.817689380371612, 6.801457967700028, 6.783023249812242, 6.761500129924003, 6.736336725929473, 6.70612306295787, 6.670218608105224, 6.62764807569856, 6.577721384967246, 6.524679714794359]}