{"train": [5.2200360157910515, 4.985469302320792, 4.88889234891904, 4.7872750634461445, 4.646213211732753], "val": [5.0132785299021725, 4.9572863487681005, 4.900360860642354, 4.817577179829786, 4.706550142567629]}