{"train": [5.222191450642605, 4.988125621259602, 4.895738570518743, 4.791242953531103, 4.647317116556604], "val": [5.027487311393592, 4.936328298726659, 4.8873618180584755, 4.834117600872259, 4.7152292409520244]}