{"train": [6.44390601512459, 6.12576116636264, 6.014358805747947, 5.9480687296088, 5.897807197884503, 5.853662206123966, 5.8103672649693925, 5.766273753703543, 5.719551836401663, 5.669283551674317, 5.614451589128341, 5.554087465643792, 5.485409817240127, 5.407681370934504, 5.318394851715733, 5.2133812632206, 5.087282096076253, 4.933305768947977, 4.742062415475226, 4.508113573324887], "val": [6.214175545173382, 6.1744477974019425, 6.175252578134124, 6.169816498091091, 6.165866676777643, 6.155605777937425, 6.1295561599336725, 6.096147520351794, 6.06330369534465, 6.018946770475965, 5.969603922694041, 5.907041297422724, 5.829929129306871, 5.73870595183693, 5.624990093047135, 5.484437909316892, 5.306585535012667, 5.07366563468545, 4.767309825750961, 4.367492589331468]}